{
    "N": [
        8388608,
        16777216,
        33554432,
        67108864,
        134217728,
        268435456
    ],
    "MFLOPs": [
        4859.03,
        5531.35,
        5679.28,
        5752.4,
        5857.54,
        6158.92
    ],
    "Mem_Bandwidth": [
        9.49,
        10.8,
        11.09,
        11.24,
        11.44,
        12.03
    ],
    "Mem_Latency": [
        0.411605,
        0.361575067,
        0.352157503,
        0.347681209,
        0.341440022,
        0.324732434
    ]
}