{
    "N": [
        8388608,
        16777216,
        33554432,
        67108864,
        134217728,
        268435456
    ],
    "MFLOPs": [
        4805.9,
        5695.14,
        5748.35,
        5681.06,
        6229.06,
        6334.83
    ],
    "Mem_Bandwidth": [
        9.39,
        11.12,
        11.23,
        11.1,
        12.17,
        12.37
    ],
    "Mem_Latency": [
        0.416154981,
        0.351176858,
        0.347925991,
        0.352046832,
        0.321075663,
        0.31571506
    ]
}