{
    "N": [
        8388608,
        16777216,
        33554432,
        67108864,
        134217728,
        268435456
    ],
    "MFLOPs": [
        5000.48,
        5703.52,
        5754.18,
        5794.94,
        5963.12,
        6242.1
    ],
    "Mem_Bandwidth": [
        9.77,
        11.14,
        11.24,
        11.32,
        11.65,
        12.19
    ],
    "Mem_Latency": [
        0.399961233,
        0.35066092,
        0.34757334,
        0.345128849,
        0.335394956,
        0.320405085
    ]
}