{
    "N": [
        8388608,
        16777216,
        33554432,
        67108864,
        134217728,
        268435456
    ],
    "MFLOPs": [
        4699.99,
        5544.74,
        5293.25,
        5693.44,
        6125.81,
        6206.29
    ],
    "Mem_Bandwidth": [
        9.18,
        10.83,
        10.34,
        11.12,
        11.96,
        12.12
    ],
    "Mem_Latency": [
        0.425532818,
        0.360701919,
        0.377839506,
        0.351281583,
        0.326487385,
        0.322253678
    ]
}