{
    "N": [
        8388608,
        16777216,
        33554432,
        67108864,
        134217728,
        268435456
    ],
    "MFLOPs": [
        4901.84,
        5715.77,
        5716.39,
        5829.82,
        6017.46,
        6217.06
    ],
    "Mem_Bandwidth": [
        9.57,
        11.16,
        11.16,
        11.39,
        11.75,
        12.14
    ],
    "Mem_Latency": [
        0.408010244,
        0.349909008,
        0.349871367,
        0.343063563,
        0.332366094,
        0.321695376
    ]
}