{
    "N": [
        8388608,
        16777216,
        33554432,
        67108864,
        134217728,
        268435456
    ],
    "MFLOPs": [
        4786.02,
        5591.89,
        5273.55,
        5749.55,
        6207.81,
        6234.17
    ],
    "Mem_Bandwidth": [
        9.35,
        10.92,
        10.3,
        11.23,
        12.12,
        12.18
    ],
    "Mem_Latency": [
        0.417883992,
        0.357661009,
        0.379251331,
        0.347853512,
        0.322174698,
        0.320812747
    ]
}