{
    "direct": {
        "N": [8388608, 16777216, 33554432, 67108864, 134217728, 268435456],
        "MFLOPs": [4805.9, 5695.14, 5748.35, 5681.06, 6229.06, 6334.83],
        "Mem_Bandwidth": [9.39, 11.12, 11.23, 11.1, 12.17, 12.37],
        "Mem_Latency": [0.416154981, 0.351176858, 0.347925991, 0.352046832, 0.321075663, 0.31571506]
    },
    "vector sum": {
        "N": [8388608, 16777216, 33554432, 67108864, 134217728, 268435456],
        "MFLOPs": [5000.48, 5703.52, 5754.18, 5794.94, 5963.12, 6242.1],
        "Mem_Bandwidth": [9.77, 11.14, 11.24, 11.32, 11.65, 12.19],
        "Mem_Latency": [0.399961233, 0.35066092, 0.34757334, 0.345128849, 0.335394956, 0.320405085]
    },
    "indirect": {
        "N": [8388608, 16777216, 33554432, 67108864, 134217728, 268435456],
        "MFLOPs": [4901.84, 5715.77, 5716.39, 5829.82, 6017.46, 6217.06],
        "Mem_Bandwidth": [9.57, 11.16, 11.16, 11.39, 11.75, 12.14],
        "Mem_Latency": [0.408010244, 0.349909008, 0.349871367, 0.343063563, 0.332366094, 0.321695376]
    }
}
