{
    "direct": {
        "N": [
            8388608,
            16777216,
            33554432,
            67108864,
            134217728,
            268435456
        ],
        "MFLOPs": [
            2369.360466,
            2820.325686,
            2834.317541,
            2832.93541,
            2996.6124,
            3153.711313
        ],
        "Mem_Bandwidth": [
            18.510631,
            22.033796,
            22.143106,
            22.132308,
            23.411035,
            24.63837
        ],
        "Mem_Latency": [
            0.211027,
            0.177284,
            0.176409,
            0.176495,
            0.166855,
            0.158543
        ]
    },
    "vector sum": {
        "N": [
            8388608,
            16777216,
            33554432,
            67108864,
            134217728,
            268435456
        ],
        "MFLOPs": [
            2455.30601,
            2882.766204,
            2894.729777,
            2924.987127,
            2994.409204,
            3114.778575
        ],
        "Mem_Bandwidth": [
            19.18208,
            22.521612,
            22.615077,
            22.851462,
            23.393822,
            24.334208
        ],
        "Mem_Latency": [
            0.203641,
            0.173445,
            0.172728,
            0.170941,
            0.166978,
            0.160525
        ]
    },
    "indirect": {
        "N": [
            8388608,
            16777216,
            33554432,
            67108864,
            134217728,
            268435456
        ],
        "MFLOPs": [
            2435.024839,
            2860.081954,
            2888.517931,
            2921.725682,
            2983.401586,
            3096.157527
        ],
        "Mem_Bandwidth": [
            19.023634,
            22.344392,
            22.566547,
            22.825982,
            23.307825,
            24.188731
        ],
        "Mem_Latency": [
            0.205337,
            0.17482,
            0.173099,
            0.171132,
            0.167594,
            0.16149
        ]
    }
}