{
    "direct": {
        "N": [
            8388608,
            16777216,
            33554432,
            67108864,
            134217728,
            268435456
        ],
        "MFLOPs": [
            4859.03,
            5531.35,
            5679.28,
            5752.4,
            5857.54,
            6158.92
        ],
        "Mem_Bandwidth": [
            9.49,
            10.8,
            11.09,
            11.24,
            11.44,
            12.03
        ],
        "Mem_Latency": [
            0.411605,
            0.361575067,
            0.352157503,
            0.347681209,
            0.341440022,
            0.324732434
        ]
    },
    "vector sum": {
        "N": [
            8388608,
            16777216,
            33554432,
            67108864,
            134217728,
            268435456
        ],
        "MFLOPs": [
            4699.99,
            5544.74,
            5293.25,
            5693.44,
            6125.81,
            6206.29
        ],
        "Mem_Bandwidth": [
            9.18,
            10.83,
            10.34,
            11.12,
            11.96,
            12.12
        ],
        "Mem_Latency": [
            0.425532818,
            0.360701919,
            0.377839506,
            0.351281583,
            0.326487385,
            0.322253678
        ]
    },
    "indirect": {
        "N": [
            8388608,
            16777216,
            33554432,
            67108864,
            134217728,
            268435456
        ],
        "MFLOPs": [
            4786.02,
            5591.89,
            5273.55,
            5749.55,
            6207.81,
            6234.17
        ],
        "Mem_Bandwidth": [
            9.35,
            10.92,
            10.3,
            11.23,
            12.12,
            12.18
        ],
        "Mem_Latency": [
            0.417883992,
            0.357661009,
            0.379251331,
            0.347853512,
            0.322174698,
            0.320812747
        ]
    }
}