{
    "direct": {
        "N": [8388608, 16777216, 33554432, 67108864, 134217728, 268435456],
        "MFLOPs": [11140.25, 10994.4, 11248.55, 11248.67, 11293.29, 6604.75],
        "Mem_Bandwidth": [21.76, 21.47, 21.97, 21.97, 22.06, 12.9],
        "Mem_Latency": [0.17952919, 0.181910872, 0.177800655, 0.177798793, 0.17709627, 0.30281255]
    },
    "vector sum": {
        "N": [8388608, 16777216, 33554432, 67108864, 134217728, 268435456],
        "MFLOPs": [13115.32, 14451.95, 15251.73, 15709.69, 13769.01, 2963.57],
        "Mem_Bandwidth": [25.62, 28.23, 29.79, 30.68, 26.89, 5.79],
        "Mem_Latency": [0.152493477, 0.138389587, 0.131132692, 0.127309933, 0.145253725, 0.674861018]
    },
    "indirect": {
        "N": [8388608, 16777216, 33554432, 67108864, 134217728, 268435456],
        "MFLOPs": [14404.65, 15069.35, 11331.57, 11210.81, 9589.53, 4051.31],
        "Mem_Bandwidth": [28.13, 29.43, 22.13, 21.9, 18.73, 7.91],
        "Mem_Latency": [0.138844013, 0.132719696, 0.176498055, 0.17839919, 0.20856069, 0.493667088]
    }
}
