{
    "N": [
        8388608,
        16777216,
        33554432,
        67108864,
        134217728,
        268435456
    ],
    "MFLOPs": [
        11219.4,
        10923.85,
        11243.61,
        11295.17,
        11299.12,
        1660.9
    ],
    "Mem_Bandwidth": [
        21.91,
        21.34,
        21.96,
        22.06,
        22.07,
        3.24
    ],
    "Mem_Latency": [
        0.178262591,
        0.183085561,
        0.177878886,
        0.177066773,
        0.177004993
    ]
}