{
    "N": [
        8388608,
        16777216,
        33554432,
        67108864,
        134217728,
        268435456
    ],
    "MFLOPs": [
        14833.42,
        15053.3,
        11302.94,
        11220.07,
        10544.06,
        2978.14
    ],
    "Mem_Bandwidth": [
        28.97,
        29.4,
        22.08,
        21.91,
        20.59,
        5.82
    ],
    "Mem_Latency": [
        0.134830713,
        0.132861197,
        0.17694506,
        0.178252041,
        0.189680293,
        0.671561185
    ]
}