{
    "N": [
        8388608,
        16777216,
        33554432,
        67108864,
        134217728,
        268435456
    ],
    "MFLOPs": [
        10978.06,
        11085.66,
        11258.85,
        10900.01,
        11450.88,
        8037.78
    ],
    "Mem_Bandwidth": [
        21.44,
        21.65,
        21.99,
        21.29,
        22.37,
        15.7
    ],
    "Mem_Latency": [
        0.182181597,
        0.180413306,
        0.177637994,
        0.183486074,
        0.174658991,
        0.248825021
    ]
}